Year;Month;Day;Site;Name;Pittag;Eartags;ID;2013;2014;2015;2016;2017;Age;survival;age_censored;status;Sex;Age 1st capture;comments
2014;2;12;1;dot;*096278321;;10;;1;1;0;0;2+;2;0;;2;1;
2014;2;13;1;bar;*096281772;;11;;1;1;0;0;2+;2;0;;1;1;
2014;2;13;1;stripe;*096309867;;12;;1;1;0;0;2+;2;0;;2;1;
2014;2;14;1;W;*096325045;;13;;1;1;0;0;2+;2;0;;1;1;
2014;2;14;1;X;*096336538;;14;4;2;0;0;0;1;1;1;;1;2;
2014;2;14;1;A;*096289605;;15;4;1;1;0;0;2;2;1;;2;2;
2014;2;14;1;2 spots;*096301866;;16;4;2;1;1;0;3;3;1;;2;2;
2014;2;14;1;circle;*096343346;;17;4;2;1;1;1;4+;4;0;;1;2;
2014;2;14;1;equal;*096339304;;18;4;2;1;0;0;2;2;1;;1;3;
2014;2;14;1;U triangle;*096293305;;19;4;2;1;0;0;2;2;1;;2;2;
2014;2;18;1;M;*096332860;;20;4;2;0;0;0;1;1;1;;1;2;
2014;2;18;1;sad face;*096281114;;21;4;2;0;0;0;1;1;1;;1;2;
2014;2;18;1;divided;*096304800;;22;;1;0;0;0;1+;1;0;;2;1;
2014;2;18;1;feather;*096298874;;23;;1;1;0;0;2+;2;0;;2;3;
2014;2;18;1;T;*096275802;;24;;1;0;0;0;1+;1;0;;1;1;
2014;2;18;1;arrows;*096303285;;25;;1;0;0;0;1+;1;0;;1;1;
2014;2;18;1;V;*096338108;;26;4;2;1;0.5;0;3;3;1;;2;2;
2014;2;18;1;hourglass;*096308877;;27;;1;1;0;0;2+;2;0;;1;1;
2014;2;20;1;percent;456B060F60;;28;4;2;1;1;1;4+;4;0;;2;2;
2014;2;20;1;EE;442D69185F;;29;;1;1;0;0;2+;2;0;;2;1;
2014;2;20;1;4 dots;470A367304;;30;;1;1;0;0;2+;2;0;;1;1;
2014;2;20;1;open circle;456A794A76;;31;;1;1;1;1;4+;4;0;;1;1;
2014;2;22;1;K;470A2C0F00;;32;;1;1;1;0;3+;3;0;;1;1;
2014;2;22;1;101;46FB627400;;33;4;2;0;0;0;1;1;1;;1;2;
2014;2;22;1;U corporal;470421417F;;34;;1;0;0;0;1+;1;0;;1;1;
2014;2;24;1;Lanzarote;4704700505;;35;;1;0;0;0;1+;1;0;;2;1;
2014;2;24;1;2 plus;*096324839;;36;;1;1;0;0;2+;2;0;;1;1;
2014;2;24;1;anchor;467C7C3248;;37;;1;1;1;0;3+;3;0;;1;1;
2014;3;2;2;LL;*44662F0720;;38;;1;0;0;0;1+;1;0;;1;1;
2014;3;2;2;Sweat heart;*4367336321;;39;4;2;0;0;0;1;1;1;;1;2;
2014;3;2;2;Bow tie;*456D7C294C;;40;;1;1;0;0;2+;2;0;;1;1;
2014;3;2;2;diamond;*43663A5642;;41;;1;1;1;0;3+;3;0;;1;1;
2014;3;2;2;asterisk;*470C3D3146;;42;4;2;1;0;0;2;2;1;;2;2;
2014;3;2;2;33;*467D2F5525;;43;4;2;1;0;0;2;2;1;;2;2;
2014;3;3;2;44;*47040E4906;;44;4;2;1;1;1;4+;4;0;;2;2;
2014;3;3;2;omega;*4432093318;;45;4;2;1;0;0;2;2;1;;2;2;
2014;3;3;2;TT;*470C3C0A7E;;46;;1;1;1;1;4+;4;0;;1;1;
2014;3;3;2;plus;*096087840;;47;4;2;0;0;0;1;1;1;;2;2;
2014;3;3;2;rake;*42351B1400;;48;;1;1;1;1;4+;4;0;;1;1;
2014;3;4;2;3 dots;*096286122;;49;;1;1;1;1;4+;4;0;;1;1;
2014;3;4;2;2 dot box;*096298883;;50;;1;0;0;0;1+;1;0;;2;1;
2014;3;4;2;BB;*096320107;;51;;1;0;0;0;1+;1;0;;2;1;
2014;3;4;2;banner;*096281849;;52;4;2;1;1;0;3;3;1;;2;2;
2014;3;4;2;number;*096310775;;53;4;2;1;1;1;4+;4;0;;2;2;
2014;3;4;2;dot K;*470422610F;;54;4;2;0;0;0;1;1;1;;1;2;
2014;3;5;2;satellite;*467B7E2E42;;55;;1;1;1;0;3+;3;0;;1;1;
2014;3;5;2;windmill;*47040F0319;;56;;1;1;1;1;3+;3;0;;2;1;
2014;3;5;2;target;*4703796C16;;57;;1;1;1;1;3+;3;0;;2;1;
2014;3;5;2;traffic light;*4707173675;;58;;1;1;1;0;3+;3;0;;2;1;
2014;3;5;2;Dutch;*470A6A5165;;59;;1;1;1;0;3+;3;0;;2;1;
2014;3;5;2;queen;*47040E7713;;60;;1;1;1;0;3+;3;0;;2;1;
2014;3;5;2;bow and arrow;*470A792E35;;61;;1;1;0;0;2+;2;0;;2;1;
2014;3;13;2;4 dot bar;*4703773F3A;;62;;1;0;0;0;1+;1;0;;1;1;
2014;3;14;2;lift;*47040D3D6B;;63;;1;0;0;0;1+;1;0;;1;1;
2014;3;14;2;corporal;*4703740546;;64;;1;0;0;0;1+;1;0;;1;1;
2014;3;17;3;TV;*47036F561E;;65;;1;0;0;0;1+;1;0;;1;1;
2014;3;17;3;66;*4704622D4B;;66;;1;1;1;1;4+;4;0;;1;1;
2014;3;19;3;pi;*4703711520;;67;;1;1;0;0;2+;2;0;;1;1;
2014;3;19;3;Sun;*470A747A67;;68;4;3;1;0;0;2;2;1;;2;3;
2014;3;19;3;69;*470375352F;;69;;1;0;0;0;1+;1;0;;1;1;
2014;3;19;3;happy face;*470A6D287B;A900-B900;70;;1;1;1;0;3+;3;0;;1;1;probably lost pittag, received eartags 12-1-2016 
2014;3;19;3;Tindaya;*4704025668;;71;;1;0;0;0;1+;1;0;;2;1;
2014;3;19;3;icecone;*4702674C21;;72;;1;1;1;0;3+;3;0;;2;1;
2014;3;20;3;shooting star;*47042C090F;;73;;1;0;0;0;1+;1;0;;2;1;
2014;3;20;3;euros;*470379627E;;74;;1;1;0;0;2+;2;0;;1;1;
2014;3;20;3;H;*4703766824;;75;;1;1;0;0;2+;2;0;;1;1;
2014;3;20;3;catamaran;*470B0E5442;;76;;1;1;1;0;3+;3;0;;1;1;
2014;3;25;1;seventy-seven;*467C043031;;77;;1;1;0;0;2+;2;0;;1;1;
2014;3;28;3;martini;*47036E305E;;78;;1;1;0;0;2+;2;0;;2;1;
2014;3;28;3;samara;*47047C0370;;79;;1;1;1;1;4+;4;0;;2;1;
2014;3;30;2;music;*4705150115;;80;4;2;1;0;0;2;2;1;;1;2;
2014;3;30;2;sperm;*4704510328;;81;4;2;1;1;1;4+;4;0;;1;2;
2014;3;30;2;side TT;*470C597252;;82;4;2;1;1;1;4+;4;0;;1;2;
2014;4;2;1;gull;*47037D7501;;83;;1;0;0;0;1+;1;0;;1;1;
2014;4;3;1;palm;*47055A0368;;84;;1;1;0;0;2+;2;0;;2;1;
2014;4;4;3;lamp;*470C2F137A;;85;;1;0;0;0;1+;1;0;;2;1;
2014;4;4;3;four stripes;*47037C7602;;86;;1;1;1;0;3+;3;0;;1;1;
2014;4;4;3;DD;*47046E640C;;87;;1;0;0;0;1+;1;0;;2;1;
2014;4;6;2;eighty-eight;*47045B4B27;;88;;1;0;0;0;1+;1;0;;2;1;
2014;4;6;2;pineapple;*470A661250;;89;;1;1;1;1;4+;4;0;;2;1;
2014;4;11;3;pacman;*47053F7F5E;;90;;1;0;0;0;1+;1;0;;1;1;
2014;4;18;3;six dots;*470B1B702F;;91;;1;0;0;0;1+;1;0;;1;1;
2014;4;18;3;fancy X;*4703792429;;92;;1;0;0;0;1+;1;0;;2;1;
2014;4;23;1;Y;*47051A5403;;93;4;2;1;0;0;2;2;1;;2;2;
2014;4;25;3;bread;*47072D6F5C;;94;;1;0;0;0;1+;1;0;;1;1;
2014;4;30;1;kolam;*4703791743;;95;4;2;1;1;0;3;3;1;;1;2;
2014;5;2;3;96;*47050F0767;;96;;1;0;0;0;1+;1;0;;2;1;
2014;5;2;3;five;*47054B0B56;;97;4;2;1;0;0;2;2;1;;2;2;
2014;5;5;2;grapes;*470A65140D;;98;;1;0;0;0;1+;1;0;;1;1;
2014;5;7;2;99;;A601-B601;99;;4;1;1;0;2;2;1;;2;0;
2014;5;7;2;100;;A602-B602;100;;4;0;0;0;0;0;1;;1;0;
2014;5;10;2;bar A;;A603-B603;101;;4;0;0;0;0;0;1;;2;0;
2014;5;10;2;3;;A604-B604;102;;4;1;1;0;2;2;1;;2;0;
2014;5;10;2;103;;A605-B605;103;;4;1;0;0;1;1;1;;1;0;
2014;5;11;2;Roman 1;;A606-B606;104;;4;0;0;0;0;0;1;;2;0;
2014;5;11;2;Roman 3;;A607-B607;105;;4;0;0;0;0;0;1;;1;0;
2014;5;11;2;Roman 2;;A608-B608;106;;4;0;0;0;0;0;1;;1;0;
2014;5;11;2;;;A609-B609;107;;4;0;0;0;0;0;1;;1;0;
2014;5;11;2;;;A610-B610;108;;4;0;0;0;0;0;1;;1;0;
2014;5;11;2;ankh;;A611-B611;109;;4;2;0;0;1;1;1;;2;0;
2014;5;11;2;110;;A612-B612;110;;4;0;0;0;0;0;1;;2;0;
2014;5;11;2;111;;A613-B613;111;;4;1;1;1;3+;3;0;;1;0;
2014;5;13;2;ribbon;;A614-B614;112;;4;0;0;0;0;0;1;;2;0;
2014;5;13;2;113;;A615-B615;113;;4;0;0;0;0;0;1;;2;0;
2014;5;13;2;check box;;A616-B616;114;;4;0;0;0;0;0;1;;2;0;
2014;5;13;2;tulip;*47042C006A;;115;;1;1;0;0;2+;2;0;;2;1;
2014;5;13;2;Roman 10;;A617-B617;116;;4;0;0;0;0;0;1;;1;0;
2014;5;13;2;A bar;;A618-B618;117;;4;1;0;0;1;1;1;;2;0;
2014;5;13;2;dot box dot;;A619-B619;118;;4;1;0;0;1;1;1;;2;0;
2014;5;13;2;sword;;A620-B620;119;;4;0;0;0;0;0;1;;1;0;
2014;5;14;2;Amsterdam;;A621-B621;120;;4;0;0;0;0;0;1;;2;0;
2014;5;14;2;unequal;;A622-B622;121;;4;1;0;0;1;1;1;;2;0;
2014;5;14;2;22;;A623-B623;122;;4;0;0;0;0;0;1;;1;0;
2014;5;14;2;bar B;;A624-B624;123;;4;2;1;1;3+;3;0;;2;0;
2014;5;14;2;bar C;;A625;124;;4;0;0;0;0;0;1;;1;0;
2014;5;14;2;bar D;;B625;125;;4;0;0;0;0;0;1;;2;0;
2014;5;14;2;bar E;;A626-B626;126;;4;2;0;0;1;1;1;;2;0;
2014;5;15;2;F;;A627-B627;127;;4;2;0;0;1;1;1;;2;0;
2014;5;15;2;wavy;;A628-B628;128;;4;0;0;0;0;0;1;;1;0;
2014;5;15;2;infinity;;A629-B629;129;;4;0;0;0;0;0;1;;1;0;
2014;5;15;2;130;;A630-B630;130;;4;0;0;0;0;0;1;;2;0;
2014;5;16;1;saturn;;A631-B631;131;;4;1;1;1;3+;3;0;;2;0;
2014;5;16;1;celtic;;A632-B632;132;;4;1;1;1;3+;3;0;;2;0;
2014;5;16;1;upside EE;;A633-B633;133;;4;0;0;0;0;0;1;;1;0;
2014;5;16;1;closed E;;A634-B634;134;;4;1;0;0;1;1;1;;1;0;
2014;5;17;1;jupiter;;A635-B635;135;;4;0;0;0;0;0;1;;2;0;
2014;5;17;1;exoplanet;;A636-B636;136;;4;1;1;1;3+;3;0;;2;0;
2014;5;17;1;big daddy dot;;A637-B637;137;;4;0;0;0;0;0;1;;1;0;
2014;5;18;2;138;;A638-B638;138;;4;0;0;0;0;0;1;;1;0;
2014;5;19;2;brackets;;A639-B639;139;;4;0;0;0;0;0;1;;1;0;
2014;5;19;2;peon;;A640-B640;140;;4;1;0;0;1;1;1;;1;0;
2014;5;19;2;watermelon;;A641-B641;141;;4;1;0;0;1;1;1;;2;0;
2014;5;19;2;spear;;A642-B642;142;;4;1;0;0;1;1;1;;1;0;
2014;5;20;1;spade;;A643-B643;143;;4;0;0;0;0;0;1;;1;0;
2014;5;21;1;peacock;;A644-B644;144;;4;0;0;0;0;0;1;;2;0;
2014;5;21;1;peace;;A645-B645;145;;4;1;0;0;1;1;1;;2;0;
2014;5;21;1;bongo;;A646-B646;146;;4;0;0;0;0;0;1;;1;0;
2014;5;21;1;tootsiepop;;A647-B647;147;;4;0;0;0;0;0;1;;1;0;
2014;5;22;2;jellyfish;;A648-B648;148;;4;0;0;0;0;0;1;;2;0;
2014;5;22;2;mermaid;*47040F2239;;149;;1;1;0;0;2+;2;0;;2;1;
2014;5;22;2;fish;;A649-B649;150;;4;0;0;0;0;0;1;;1;0;
2014;5;23;2;ii;;A650-B650;151;;4;1;1;1;3+;2;0;;2;0;
2014;5;24;2;candle;;A651-B651;152;;4;0;0;0;0;0;1;;1;0;
2014;5;24;2;flame;;A652-B652;153;;4;0;0;0;0;0;1;;2;0;
2014;5;24;2;cherries;*471A08046C;;154;;1;1;1;0;3+;3;0;;2;1;
2014;5;24;1;eye;;A653-B653;155;;4;0;0;0;0;0;1;;2;0;
2014;5;26;2;cactus;;A654-B654;156;;4;1;1;0;2;2;1;;1;0;
2014;5;26;2;apple;;A655-B655;157;;4;1;1;1;3+;3;0;;2;0;
2014;5;26;2;agave;;A656-B656;158;;4;1;1;1;3+;3;0;;2;0;
2014;5;26;2;flower;;A657-B657;159;;4;1;1;0;2;2;1;;2;0;
2014;5;26;2;carrot;;A658-B658;160;;4;1;1;0;2;2;1;;2;0;
2014;5;27;3;dot O;*47075A1C2A;;161;;1;1;0;0;2+;2;0;;2;1;
2014;6;3;1;louse;;A659-B659;162;;4;0;0;0;0;0;1;;1;0;
2014;6;5;1;V bar;;A660-B660;163;;4;1;1;1;3+;3;0;;2;0;
2014;6;7;2;sailboat;;A661-B661;164;;4;0;0;0;0;0;1;;1;0;
2014;6;7;4;butterfly;*470473361C;;165;;1;0;0;0;1+;1;0;;2;1;
2014;6;7;2;medusa;*4707166666;;166;;1;1;1;0;3+;3;0;;2;1;
2014;6;8;4;staff;*470C261C72;;167;;1;0;0;0;1+;1;0;;2;1;
2014;6;8;4;sint;;A662-B662;168;;4;0;0;0;0;0;1;;1;0;
2014;6;8;4;zwarte piet;;A663-B663;169;;4;0;0;0;0;0;1;;1;0;
2014;6;8;4;2 dots;;A664-B664;170;;4;0;0;0;0;0;1;;2;0;
2014;6;8;4;square;;A665-B665;171;;4;0;0;0;0;0;1;;1;0;
2014;6;8;4;triangle;;A666-B666;172;;4;0;0;0;0;0;1;;1;0;
2014;6;9;3;baobab;;A667-B667;173;;4;0;0;0;0;0;1;;2;0;
2014;6;9;3;cypress;;A668-B668;174;;4;0;0;0;0;0;1;;2;0;
2014;6;9;3;glasses;;A669-B669;175;;4;0;0;0;0;0;1;;1;0;
2014;6;9;3;tophat;;A670-B670;176;;4;0;0;0;0;0;1;;1;0;
2014;6;9;3;D;;A671-B671;177;;4;0;0;0;0;0;1;;1;0;
2014;6;9;4;trident;*4707056C0B;;178;;1;0;0;0;1+;1;0;;1;1;
2014;6;9;4;1 two squares;;A672-B672;179;;4;0;0;0;0;0;1;;1;0;
2014;6;13;4;infinity;*4709604716;;180;;1;0;0;0;1+;1;0;;2;1;
2014;6;13;4;angel;*4704606A58;;181;;1;0;0;0;1+;1;0;;2;1;
2014;6;16;3;prickly pear;;A676-B676;182;;4;0;0;0;0;0;1;;2;0;
2014;6;17;4;squares;*470B12206B;;183;;1;0;0;0;1+;1;0;;2;1;
2014;6;17;4;dot T;;A677-B677;184;;4;0;0;0;0;0;1;;1;0;
2014;6;18;4;2 dot 2 stripes;*470C27257E;;185;;1;0;0;0;1+;1;0;;2;1;
2014;6;18;4;Bull's eye;*4704173F03;;186;;1;0;0;0;1+;1;0;;2;1;
2014;6;22;2;8;;A678-B678;187;;4;1;0;0;1;1;1;;2;0;
2014;6;23;3;hearts;;A679-B679;188;;4;0;0;0;0;0;1;;2;0;
2014;6;23;3;lightning bolts;;A680-B680;189;;4;0;0;0;0;0;1;;1;0;
2014;6;23;3;setting sun;470759341C;;190;;2;1;0;0;2;2;1;;2;2;
2014;7;2;3;scissors;;A682-B682;191;;4;0;0;0;0;0;1;;2;0;
2014;7;2;3;Christmas tree;470436635B;;192;;1;0;0;0;1+;1;0;;2;1;
2014;7;2;3;4 dots plus;47040A3148;;193;;1;1;1;0;3+;3;0;;2;1;
2014;7;4;1;triangles;470521620F;;194;;1;0;0;0;1+;1;0;;2;1;
2014;7;11;2;pear;;A683-B683;195;;4;1;1;0;2;2;1;;1;0;
2014;7;11;3;Brazil;;A684-B684;196;;4;0;0;0;0;0;1;;1;0;
2014;7;14;1;Batman;;B685-A685;197;;4;0;0;0;0;0;1;;1;0;
2014;7;14;1;Catwoman;;A686-B686;198;;4;0;0;0;0;0;1;;2;0;
2014;7;15;1;Superman;;A687-B687;199;;4;0;0;0;0;0;1;;1;0;
2015;1;14;3;3 horizontal dots;4705593366;;200;;;1;0;0;1+;1;0;;1;1;
2015;1;17;2;apple tree;4235265057;;201;;;1;0;0;1+;1;0;;1;1;
2015;1;17;2;orbit;122812174A;;202;;;1;0;0;1+;1;0;;1;1;
2015;1;17;2;circles;122526132A;;203;;;1;0;0;1+;1;0;;1;1;
2015;1;17;2;squares;456B00557E;;204;;;1;1;1;3+;3;0;;1;1;
2015;1;18;2;YY;467C4C4003;;205;;;1;1;0;2+;2;0;;1;1;
2015;1;18;2;dumbbell;122471174A;;206;;;1;1;0;2+;2;0;;1;1;
2015;1;20;3;brackets 2 dot;456B4C1C58;;207;;;1;0;0;1+;1;0;;1;1;
2015;1;20;3;dot UU;122569380A;;208;;;1;1;0;2+;2;0;;2;1;
2015;1;21;1;angel bowtie;4704157B07;;209;;;1;1;1;3+;3;0;;1;1;
2015;1;24;2;house;122516720A;;210;;;1;1;1;3+;3;0;;1;1;
2015;1;26;3;lighthouse;470B1A2426;;211;;;1;1;0;2+;2;0;;2;1;
2015;1;28;1;212;0A13097568;;212;;;1;1;1;3+;3;0;;1;1;
2015;2;5;1;4 x's;0A1309761B;;213;;;1;0;0;1+;1;0;;1;1;
2015;2;8;1;headlight;0A1309760F;;214;;;1;0;0;1+;1;0;;1;1;
2015;2;16;3;shiva;4.70E+07;;215;;;1;1;0;2+;2;0;;2;1;
2015;2;20;1;diamond 2 spot;4C3A455E5F;;216;;;1;1;0;2+;2;0;;2;1;
2015;2;20;1;dikkop;4C3A67432E;;217;;;1;0;0;1+;1;0;;2;1;
2015;2;21;2;ee;;A688-B688;218;;;1;0;0;1+;1;0;;2;1;
2015;2;23;3;high heels;47041B452E;;219;;;1;1;0;2+;2;0;;2;1;
2015;3;5;1;greek;4C3A61210B;;220;;;1;0;0;1+;1;0;;2;1;
2015;3;9;2;McDonald;4C3A1D0B3B;;221;;;1;0;0;1+;1;0;;1;1;
2015;3;9;2;HH;4C3A21642A;;222;;;1;0;0;1+;1;0;;1;1;
2015;3;10;3;PP;4C3A26192E;;223;;;1;1;1;3+;3;0;;1;1;
2015;3;17;3;boat;4C3A572A4A;;224;;;1;0;0;1+;1;0;;1;1;
2015;3;29;2;scale;;A689-B689;225;;;1;1;0;2+;2;0;;2;1;
2015;4;7;2;taurus;;A690-B690;226;;;1;0;0;1+;1;0;;1;1;
2015;4;7;2;parasol;;needs still eartags;227;;;1;0;0;1+;1;0;;2;1;
2015;4;10;3;2 circles X;;A691-B691;228;;;1;0;0;1+;1;0;;2;1;
2015;4;14;3;dot A;;A692-B692;229;;;4;0;0;0;0;1;;2;4;
2015;4;14;3;A 2 stripes;;A693-B693;230;;;4;0;0;0;0;1;;1;4;
2015;4;14;3;bigfoot;;A694-B694;231;;;4;1;1;2+;2;0;;2;4;
2015;4;14;3;1;;A695-B695;232;;;4;0;0;0;0;1;;1;4;
2015;4;14;2;696;;A696-B696;233;;;4;0;0;0;0;1;;2;4;
2015;4;15;2;34;;A697-B697;234;;;4;0;0;0;0;1;;1;4;
2015;4;15;2;5;;A698-B698;235;;;4;0;0;0;0;1;;1;4;
2015;4;16;3;1;;A699-B699;236;;;4;0;0;0;0;1;;1;4;
2015;4;16;3;7;;A700-B700;237;;;4;0;0;0;0;1;;2;4;
2015;4;16;2;3;;A701-B701;238;;;4;0;0;0;0;1;;1;4;
2015;4;16;2;hearts;;A702-B702;239;;;4;1;1;2+;2;0;;2;4;
2015;4;17;2;40;;A703-B703;240;;;4;0;0;0;0;1;;1;4;
2015;4;17;2;roman 1;;A704-B704;241;;;4;1;0;1;1;1;;2;4;
2015;4;17;2;;;A705-B705;242;;;4;0;0;0;0;1;;1;4;
2015;4;18;2;;;A706-B706;243;;;4;0;0;0;0;1;;1;4;
2015;4;18;2;;;A707-B707;244;;;4;0;0;0;0;1;;2;4;
2015;4;18;2;;;A708-B708;245;;;4;0;0;0;0;1;;1;4;
2015;4;18;3;olympic oval;;A709-B709;246;;;4;1;1;2+;2;0;;1;4;
2015;4;19;3;;;A710-B710;247;;;4;0;0;0;0;1;;1;4;
2015;4;20;2;;;A711-B711;248;;;4;0;0;0;0;1;;1;4;
2015;4;21;3;kite;;A712-B712;249;;;4;1;1;2+;2;0;;1;4;
2015;4;21;3;;;A713-B713;250;;;4;0;0;0;0;1;;2;4;
2015;4;21;3;;;A714-B714;251;;;4;0;0;0;0;1;;1;4;
2015;4;21;3;;;A715-B715;252;;;4;0;0;0;0;1;;1;4;
2015;4;21;3;;;A716-B716;253;;;4;0;0;0;0;1;;1;4;
2015;4;21;3;;;A717-B717;254;;;4;0;0;0;0;1;;2;4;
2015;4;21;3;;;A718-B718;255;;;4;0;0;0;0;1;;1;4;
2015;4;21;3;;;A719-B719;256;;;4;0;0;0;0;1;;2;4;
2015;4;21;3;;;A720-B720;257;;;4;0;0;0;0;1;;1;4;
2015;4;21;3;;;A721-B721;258;;;4;0;0;0;0;1;;2;4;
2015;4;21;2;12 o'clock;;A722-B722;259;;;4;0;0;0;0;1;;1;4;
2015;4;21;2;;;A723-B723;260;;;4;0;0;0;0;1;;2;4;
2015;4;22;3;;;A724-B724;261;;;4;0;0;0;0;1;;1;4;
2015;4;22;2;exclamation marks;;A725-B725;262;;;4;1;0;1;1;1;;2;4;
2015;4;22;2;worms;;A726-B726;263;;;4;1;0;1;1;1;;2;4;
2015;4;23;3;everest;;A727-B727;264;;;4;1;1;2+;2;0;;2;4;
2015;4;23;3;FF;;A728-B728;265;;;4;1;1;2+;2;0;;2;4;
2015;4;23;3;;;A729-B729;266;;;4;0;0;0;0;1;;1;4;
2015;4;23;3;;;A730-B730;267;;;4;0;0;0;0;1;;2;4;
2015;4;23;3;;;A731-B731;268;;;4;0;0;0;0;1;;2;4;
2015;4;23;3;;;A732-B732;269;;;4;0;0;0;0;1;;1;4;
2015;4;23;3;;;A733-B733;270;;;4;1;1;2+;2;0;;1;4;
2015;4;23;3;;;A734-A735;271;;;4;0;0;0;0;1;;1;4;
2015;4;23;3;;;B734-B735;272;;;4;0;0;0;0;1;;1;4;
2015;4;23;2;;;A736-B736;273;;;4;0;0;0;0;1;;1;4;
2015;4;23;3;;;A737-B737;274;;;4;0;0;0;0;1;;1;4;
2015;4;24;3;;;A738-B738;275;;;4;0;0;0;0;1;;1;4;
2015;4;24;3;candy;;A739-B739;276;;;4;1;0;1;1;1;;2;4;
2015;4;24;2;raven;;A740-B740;277;;;4;1;1;2+;2;0;;2;4;
2015;4;24;3;;;A741-B741;278;;;4;0;0;0;0;1;;2;4;
2015;4;24;2;;;A742-B742;279;;;4;1;1;2+;2;0;;1;4;
2015;4;24;2;;;A743-B743;280;;;4;0;0;0;0;1;;1;4;
2015;4;24;2;;;A744-B744;281;;;4;0;0;0;0;1;;1;4;
2015;4;25;2;;;A745-B745;282;;;4;0;0;0;0;1;;1;4;
2015;4;25;2;table top;;A746-B746;283;;;4;1;1;2+;2;0;;1;4;
2015;4;25;2;north star;;B748-B747;284;;;4;1;1;2+;2;0;;2;4;
2015;4;25;2;;;A748-A747;285;;;4;0;0;0;0;1;;1;4;
2015;4;25;2;rocketship;;A749-B749;286;;;4;1;1;2+;2;0;;1;4;
2015;4;25;2;stopsign / hexagon;;A750-B750;287;;;4;1;1;2+;2;0;;2;4;
2015;4;25;3;;;A751-B751;288;;;4;0;0;0;0;1;;1;4;
2015;4;25;3;;;A752-B752;289;;;4;1;1;2+;2;0;;1;4;
2015;4;26;3;COC;;A753-B753;290;;;4;1;1;2+;2;0;;2;4;
2015;4;26;3;;;A754-B754;291;;;4;0;0;0;0;1;;2;4;
2015;4;26;3;fancy K;;A755-B755;292;;;4;1;1;2+;2;0;;2;4;
2015;4;26;3;stripe 8;;A756-B756;293;;;4;1;1;2+;2;0;;2;4;
2015;4;26;3;;;A757-B757;294;;;4;0;0;0;0;1;;2;4;
2015;4;26;2;;;A758-B758;295;;;4;0;0;0;0;1;;1;4;
2015;4;26;2;antenna;;A759-B759;296;;;4;1;1;2+;2;0;;1;4;
2015;4;26;3;;;A760-B760;297;;;4;0;0;0;0;1;;1;4;
2015;4;26;3;;;A761-B761;298;;;4;0;0;0;0;1;;1;4;
2015;4;26;3;;;A762-B762;299;;;4;0;0;0;0;1;;1;4;
2015;4;27;3;;;A763-B763;300;;;4;0;0;0;0;1;;1;4;
2015;4;27;3;;;A764-B764;301;;;4;0;0;0;0;1;;1;4;
2015;4;27;3;;;A765-B765;302;;;4;0;0;0;0;1;;1;4;
2015;4;27;3;;;A766-B766;303;;;4;0;0;0;0;1;;2;4;
2015;4;29;3;;;A767-B767;304;;;4;0;0;0;0;1;;1;4;
2015;4;29;3;;;A768-B768;305;;;4;0;0;0;0;1;;1;4;
2015;4;30;2;;;A769-B769;306;;;4;0;0;0;0;1;;2;4;
2015;4;30;2;crusade;;A770-B770;307;;;4;1;0;1;1;1;;2;4;
2015;4;30;2;;;A771-B771;308;;;4;0;0;0;0;1;;2;4;
2015;4;30;2;paw;;A772-B772;309;;;4;1;1;2+;2;0;;2;4;
2015;4;30;2;10;4C3A704C76;A773-B773;310;;;4;1;1;2+;2;0;;2;4;
2015;5;1;2;tripod;;A774-B774;311;;;4;1;1;2+;2;0;;2;4;
2015;5;2;2;;;A775-B775;312;;;4;0;0;0;0;1;;2;4;
2015;5;2;2;;;A776-B776;313;;;4;0;0;0;0;1;;1;4;
2015;5;2;2;;;A777-B777;314;;;4;0;0;0;0;1;;1;4;
2015;5;2;2;;;A778-B778;315;;;4;0;0;0;0;1;;1;4;
2015;5;2;1;;;A779-B779;316;;;4;0;0;0;0;1;;1;4;
2015;5;2;1;;;A780-B780;317;;;4;0;0;0;0;1;;1;4;
2015;5;2;2;;;A781-B781;318;;;4;0;0;0;0;1;;2;4;
2015;5;2;1;;;A782-B782;319;;;4;0;0;0;0;1;;2;4;
2015;5;2;1;;;A783-B783;320;;;4;0;0;0;0;1;;2;4;
2015;5;2;1;;;A784-B784;321;;;4;0;0;0;0;1;;1;4;
2015;5;3;1;;;A785-B785;322;;;4;0;0;0;0;1;;1;4;
2015;5;3;2;;;A786-B786;323;;;4;0;0;0;0;1;;1;4;
2015;5;3;1;;;A787-B787;324;;;4;0;0;0;0;1;;2;4;
2015;5;3;1;;;A788-B788;325;;;4;0;0;0;0;1;;1;4;
2015;5;3;2;;;A789-B789;326;;;4;0;0;0;0;1;;1;4;
2015;5;4;2;;;A790-B790;327;;;4;0;0;0;0;1;;1;4;
2015;5;4;1;lips;;A791-B791;328;;;4;1;1;2+;2;0;;2;4;
2015;5;5;2;;;A792-B792;329;;;4;0;0;0;0;1;;1;4;
2015;5;5;1;;;A793-B793;330;;;4;0;0;0;0;1;;2;4;
2015;5;5;1;;;A794-B794;331;;;4;0;0;0;0;1;;1;4;
2015;5;6;1;;;A795-B795;332;;;4;0;0;0;0;1;;2;4;
2015;5;6;1;;;A796-B796;333;;;4;0;0;0;0;1;;2;4;
2015;5;6;1;;;A797-B797;334;;;4;0;0;0;0;1;;1;4;
2015;5;6;1;;;A798-B798;335;;;4;0;0;0;0;1;;1;4;
2015;5;6;1;;;A799-B799;336;;;4;0;0;0;0;1;;1;4;
2015;5;6;1;;;A800-B800;337;;;4;0;0;0;0;1;;1;4;
2015;5;7;2;;;A801-B801;338;;;4;0;0;0;0;1;;1;4;
2015;5;7;1;;;A802-B802;339;;;4;0;0;0;0;1;;1;4;
2015;5;7;1;bunny;;A803-B803;340;;;4;1;1;2+;2;0;;2;4;
2015;5;7;1;;;A804-B804;341;;;4;0;0;0;0;1;;2;4;
2015;5;7;1;;;A805-B805;342;;;4;0;0;0;0;1;;1;4;
2015;5;7;1;;;A806-B806;343;;;4;0;0;0;0;1;;1;4;
2015;5;7;1;;;A807-B807;344;;;4;0;0;0;0;1;;2;4;
2015;5;7;1;gimp;;A808-B808;345;;;4;1;1;2+;2;0;;2;4;
2015;5;7;1;;;A809-B809;346;;;4;0;0;0;0;1;;1;4;
2015;5;9;2;;;A810-B810;347;;;4;0;0;0;0;1;;1;4;
2015;5;9;1;;;A811-B811;348;;;4;0;0;0;0;1;;2;4;
2015;5;9;2;;;A812-B812;349;;;4;0;0;0;0;1;;1;4;
2015;5;9;2;;;A813-B813;350;;;4;0;0;0;0;1;;1;4;
2015;5;12;3;blouse;;A814-B814;351;;;4;1;1;2+;2;0;;2;4;
2015;5;14;1;scissors;;A815-B815;352;;;4;1;0;1;1;1;;2;4;
2015;5;15;1;atom;;A816-B816;353;;;4;1;1;2+;2;0;;2;4;
2015;5;16;3;;;A817-B817;354;;;4;0;0;0;0;1;;1;4;
2015;5;16;3;;;A818-B818;355;;;4;0;0;0;0;1;;1;4;
2015;5;16;1;;;A819-B819;356;;;4;0;0;0;0;1;;1;4;
2015;5;16;3;;;A820-B820;357;;;4;0;0;0;0;1;;1;4;
2015;5;16;1;;;A821-B821;358;;;4;0;0;0;0;1;;1;4;
2015;5;23;1;;;A822-B822;359;;;4;0;0;0;0;1;;1;4;
2015;5;24;1;;;A823-B823;360;;;4;0;0;0;0;1;;2;4;
2015;5;26;2;;;A824-B824;361;;;4;0;0;0;0;1;;2;4;
2015;5;28;1;basket;;A825-B825;362;;;1;1;1;3+;3;0;;2;1;
2015;6;1;2;cilindre;4C3B191D03;;363;;;1;1;0;2+;2;0;;2;1;
2015;6;2;2;;;A826-B826;364;;;4;0;0;0;0;1;;1;4;
2015;6;2;2;;;A827-B827;365;;;4;0;0;0;0;1;;1;4;
2015;6;2;2;XO;;A828-B828;366;;;4;1;1;2+;2;0;;2;4;
2015;6;2;2;;;A829-B829;367;;;4;0;0;0;0;1;;1;4;
2015;6;4;1;;;A830-B830;368;;;4;0;0;0;0;1;;1;4;
2015;6;4;1;;;A831-B831;369;;;4;0;0;0;0;1;;2;4;
2015;6;8;0;;;A832-B832;370;;;4;0;0;0;0;1;;1;4;
2015;6;9;0;;;A833-B833;371;;;4;0;0;0;0;1;;1;4;
2015;6;;;;;;372;;;4;0;0;0;0;1;;1;4;
2015;6;18;1;birdhouse;;A835-B835;373;;;1;1;0;2+;2;0;;2;1;
2015;6;18;1;;;A836-B836;374;;;4;0;0;0;0;1;;2;4;
2015;6;18;1;;;A837-B837;375;;;4;0;0;0;0;1;;2;4;
2015;6;18;1;virgo;;A838-B838;376;;;1;1;1;3+;3;0;;2;1;
2015;6;18;1;v bar v;;A839-B839;377;;;4;1;1;2+;2;0;;2;4;
2015;6;18;1;aqua;;A840-B840;378;;;1;1;1;3+;3;0;;2;1;
2015;6;19;2;;;A841-B841;379;;;4;0;0;0;0;1;;1;4;
2015;6;19;1;;;A842-B842;380;;;4;0;0;0;0;1;;1;4;
2015;6;23;1;;;A843-B843;381;;;1;0;0;1+;1;0;;1;1;
2015;6;23;1;libro;;A844-B844;382;;;1;1;1;3+;3;0;;2;1;
2015;6;23;1;;;A845-B845;383;;;1;0;0;1+;1;0;;2;1;
2015;6;24;1;;;A846-B846;384;;;4;0;0;0;0;1;;1;4;
2015;6;24;1;ladder;;A846-B847;385;;;4;1;1;2+;2;0;;2;4;
2015;6;24;1;;;A846-B848;386;;;4;0;0;0;0;1;;1;4;
2015;6;26;1;;;A849-B849;387;;;4;0;0;0;0;1;;1;4;
2015;7;2;2;;;A850-B850;388;;;4;0;0;0;0;1;;1;4;
2015;7;3;2;;;A851-B851;389;;;1;0;0;1+;1;0;;2;1;
2015;7;4;2;;;A852-B852;390;;;4;0;0;0;0;1;;1;4;
2015;7;4;2;;;A853-B853;391;;;4;0;0;0;0;1;;1;4;
2015;7;8;1;;;A854-B854;392;;;4;0;0;0;0;1;;1;4;
2015;7;10;1;;;A855-B855;393;;;4;0;0;0;0;1;;2;4;
2015;7;11;1;;;A856-B856;394;;;4;0;0;0;0;1;;1;4;
2015;7;11;1;;;A857-B857;395;;;1;0;0;1+;1;0;;2;1;
2015;7;11;1;;;A858-B858;396;;;4;0;0;0;0;1;;1;4;
2015;7;11;1;OX;;A859-B859;397;;;4;1;0;1+;1;0;;2;4;
2015;7;11;1;exclamation mark;;A860-B860;398;;;4;1;0;1+;1;0;;2;4;
2015;7;11;1;;;A861-B861;399;;;4;0;0;0;0;1;;2;4;
2015;7;12;1;;;A862-B862;400;;;4;0;0;0;0;1;;1;4;
2015;7;12;1;;;A863-B863;401;;;4;0;0;0;0;1;;1;4;
2015;7;12;1;;;A864-B864;402;;;4;0;0;0;0;1;;1;4;
2015;7;12;1;;;A865-B865;403;;;4;0;0;0;0;1;;1;4;
2015;7;12;3;fancy V;;A866-B866;404;;;4;1;1;2+;2;0;;2;4;
2015;7;12;3;;;A867-B867;405;;;4;0;0;0;0;1;;2;4;
2015;7;12;3;upside down t 2 spot;;A868-B868;406;;;4;1;1;2+;2;0;;1;4;
2015;7;13;3;;;A869-B869;407;;;4;0;0;0;0;1;;1;4;
2015;7;13;3;;4C3B21702A;;408;;;4;0;0;0;0;1;;1;4;
2015;7;14;3;I bar;;A870-B870;409;;;4;1;0;1;1;1;;1;4;
2015;7;15;3;raincloud;;A871-B871;410;;;4;1;1;2+;2;0;;2;4;
2015;7;15;3;stripe 11;;A872-B872;411;;;4;1;0;1;1;1;;2;4;
2015;7;20;1;martian;4C3A325D2D;;412;;;4;1;1;2+;2;0;;1;4;
2015;7;22;2;;;A873-B873;413;;;4;0;0;0;0;1;;2;1;
2015;7;22;2;;;A874-B874;414;;;4;0;0;0;0;1;;1;1;
2015;7;22;2;;;A875-B875;415;;;4;0;0;0;0;1;;2;4;
2015;7;24;1;;;A876-B876;416;;;4;0;0;0;0;1;;1;4;
2015;7;25;1;;;A877-B877;417;;;4;0;0;0;0;1;;2;4;
2015;7;25;1;rainbow;;A878-B878;418;;;4;1;1;2+;2;0;;2;4;
2015;7;25;1;;;A879-B879;419;;;4;0;0;0;0;1;;1;4;
2015;7;25;1;;;A880-B880;420;;;4;0;0;0;0;1;;1;4;
2015;7;25;1;;;A881-B881;421;;;4;0;0;0;0;1;;1;4;
2015;8;5;1;square u V;;A882-B882;422;;;4;1;1;2+;2;0;;1;4;
2015;8;5;1;butterfly;;A883-B883;423;;;4;1;0;1;1;1;;2;4;
2015;8;6;3;diamond square;;A884-B884;424;;;4;1;0;1;1;1;;1;4;
2015;8;16;2;rectangle;;A885-B885;425;;;4;1;1;2+;2;0;;1;4;
2015;8;26;2;EE;;A886-B886;426;;;4;1;1;2+;2;0;;1;4;
2015;8;26;2;;;A887-B887;427;;;1;0;0;1+;1;0;;2;1;
2015;8;26;2;WinO;;A889-B889;428;;;4;1;0;1;1;1;;1;4;
2015;8;26;2;;;A890-B890;429;;;8;0;0;0+;0;0;;1;8;
2015;8;27;1;face;;A891-B891;430;;;4;1;1;2+;2;0;;1;4;
2016;1;4;3;penis;;A892-B892;431;;;;1;1;2+;2;0;;1;1;
2016;1;8;2;3 (upside down) plus;;A893-B893;432;;;;1;0;1+;1;0;;1;1;
2016;1;8;2;HI;;A894-B894;433;;;;1;1;2+;1;0;;1;1;
2016;1;8;2;pyramid;;A895-B895;434;;;;1;0;1+;1;0;;2;3;
2016;1;9;2;lightning;;A896-B896;435;;;;1;0;1+;1;0;;1;1;
2016;1;10;2;pants;;A897-B879;436;;;;1;0;1+;1;0;;1;1;
2016;1;11;2;fruit fly;;A898-B898;437;;;;1;1;2+;2;0;;2;3;
2016;1;11;2;spot;;A899-B899;438;;;;1;0;1+;1;0;;1;1;
2016;1;16;1;treble clefs;;A901-B901;439;;;;1;0;1+;1;0;;2;3;
2016;1;18;1;Chris;;A902-B902;440;;;;1;1;2+;2;0;;1;1;
2016;1;21;1;cup of coffee;;A903-B903;441;;;;1;0;1+;1;0;;1;1;
2016;1;21;1;sandwich;;A904-B904;442;;;;1;1;2+;2;0;;1;1;
2016;2;3;1;AT;;A905-B905;443;;;;1;0;1+;1;0;;1;1;
2016;2;3;2;Macdonald;;A906-B906;444;;;;1;0;1+;1;0;;2;1;
2016;2;5;2;Maya;;A907-B907;445;;;;1;0;1+;1;0;;2;1;
2016;2;5;2;bee;;A908-B908;446;;;;1;0;1+;1;0;;2;1;
2016;2;10;2;horizontal 8 stripe;;A909-B909;447;;;;1;1;2+;2;0;;1;1;
2016;2;12;2;giraf;;A910-B910;448;;;;1;1;2+;2;0;;2;1;
2016;2;12;2;moustache;;A911-B911;449;;;;1;0;1+;1;0;;1;1;
2016;2;21;3;circle hourglass;4C3A4A476C;;450;;;;1;0;1+;1;0;;1;1;
2016;3;3;1;heart rate;;A912-B912;451;;;;1;0;1+;1;0;;1;1;
2016;4;29;1;taurus;;43-43;452;;;;4;0;0;0;1;;1;4;born in captivity
2016;4;29;1;gemini;;42-42;453;;;;4;1;1+;1;0;;2;4;born in captivity
2016;5;1;1;pisces;;46-46;454;;;;4;0;0;0;1;;1;4;born in captivity
2016;3;12;1;;;;455;;;;4;0;0;0;1;;2;4;born in captivity
2016;3;12;1;;;;456;;;;4;0;0;0;1;;2;4;born in captivity
2016;3;12;1;;;;457;;;;4;0;0;0;1;;1;4;born in captivity
2016;3;12;1;;;;458;;;;4;0;0;0;1;;1;4;born in captivity
2016;3;19;2;;;A913-B913;459;;;;4;0;0;0;1;;2;4;
2016;3;20;2;;;A914-B914;460;;;;4;0;0;0;1;;1;4;
2016;3;23;2;upside down A;;A915-B915;461;;;;4;0;0;0;1;;2;4;
2016;3;23;2;;;A916-B916;462;;;;4;0;0;0;1;;1;4;
2016;3;27;2;;;A917-B917;463;;;;4;0;0;0;1;;2;4;
2016;3;27;2;;;A918-B918;464;;;;4;0;0;0;1;;2;4;
2016;3;28;2;;;A919-B919;465;;;;4;0;0;0;1;;1;4;
2016;3;28;2;;;A920-B920;466;;;;4;0;0;0;1;;1;4;
2016;3;28;2;;;A921-B921;467;;;;4;0;0;0;1;;2;4;
2016;3;28;2;;;A922-B922;468;;;;4;0;0;0;1;;2;4;
2016;3;30;2;pulpo / octopus;;A923-B923;469;;;;4;0;0;0;1;;1;4;
2016;3;30;2;;;A924-B924;470;;;;4;1;1+;1;0;;2;4;
2016;3;30;2;arrow;;A925-x;471;;;;4;0;0;0;1;;2;4;
2016;3;30;2;;;A926-B926;472;;;;4;0;0;0;1;;1;4;
2016;3;30;2;louse;;A927-B927;473;;;;4;1;1+;1;0;;2;4;
2016;3;30;2;vertical worms;;A928-B928;474;;;;4;0;0;0;1;;1;4;
2016;3;31;2;;;A929-B929;475;;;;4;0;0;0;1;;2;4;
2016;3;31;2;wonderwoman (ww);;A930-B930;476;;;;4;1;1+;1;0;;2;4;
2016;3;31;2;;;A931-B931;477;;;;4;0;0;0;1;;1;4;
2016;3;31;3;;;A932-B932;478;;;;4;0;0;0;1;;1;4;
2016;4;2;2;batman;;A933-B933;479;;;;4;1;1+;1;0;;1;4;
2016;4;2;2;catwoman;;A934-B934;480;;;;4;1;1+;1;0;;2;4;
2016;4;3;2;;;A935-B935;481;;;;4;0;0;0;1;;1;4;
2016;4;3;2;;;A936-B936;482;;;;4;0;0;0;1;;2;4;
2016;4;3;2;;;A937-B937;483;;;;4;1;1+;1;0;;2;4;
2016;4;4;2;;;A938-B938;484;;;;4;0;0;0;1;;2;4;
2016;4;4;2;;;A939-B939;485;;;;4;1;1+;1;0;;2;4;
2016;4;5;2;;;A940-B940;486;;;;4;0;0;0;1;;1;4;
2016;4;5;2;;;A941-B941;487;;;;4;1;1+;1;0;;1;4;
2016;4;5;2;blood diamond;;A942-B942;488;;;;4;1;1+;1;0;;2;4;
2016;4;5;2;;;A943-B943;489;;;;4;0;0;0;1;;1;4;
2016;4;5;2;spade;;A944-B944;490;;;;4;1;1+;1;0;;2;4;
2016;4;6;2;;;A945-B945;491;;;;4;0;0;0;1;;2;4;
2016;4;6;2;;;A946-B946;492;;;;4;0;0;0;1;;2;4;
2016;4;7;2;fly;;A947-B947;493;;;;4;0;0;0;1;;1;4;
2016;4;7;2;;;A948-B948;494;;;;1;0;1+;1;0;;2;1;
2016;4;7;2;bowtie dots;;A949-B949;495;;;;4;0;0;0;1;;2;4;
2016;4;7;2;teddy bear;;A950-B950;496;;;;4;0;0;0;1;;1;4;
2016;4;7;2;fountain;;A951-B951;497;;;;4;0;0;0;1;;2;4;
2016;4;7;2;;;A952-B952;498;;;;4;1;1+;1;0;;2;4;
2016;4;7;2;beard;;A953-B953;499;;;;4;0;0;0;1;;1;4;
2016;4;7;2;;;A954-B954;500;;;;4;0;0;0;1;;1;4;
2016;4;9;2;owl;;A955-B955;501;;;;4;0;0;0;1;;2;4;
2016;4;9;3;trousers;;A956-B956;502;;;;4;0;0;0;1;;1;4;
2016;4;10;3;tie;;A957-B957;503;;;;4;0;0;0;1;;1;4;
2016;4;10;3;shipswheel;;A958-B958;504;;;;4;0;0;0;1;;2;4;
2016;4;10;3;sailboat;;A959-B959;505;;;;4;0;0;0;1;;1;4;
2016;4;10;3;dot T;;A960-B960;506;;;;4;0;0;0;1;;1;4;
2016;4;10;3;dot M;;A961-B961;507;;;;4;0;0;0;1;;1;4;
2016;4;10;2;;;A962-B962;508;;;;4;1;1+;1;0;;2;4;
2016;4;10;2;stop;;A963-B963;509;;;;4;1;1+;1;0;;2;4;
2016;4;10;2;;;A964-B964;510;;;;4;0;0;0;1;;1;4;
2016;4;10;3;;;A965-B965;511;;;;4;0;0;0;1;;1;4;
2016;4;10;3;pumpkin;;A966-B966;512;;;;4;0;0;0;1;;1;4;
2016;4;11;3;angel;;A967-B967;513;;;;4;0;0;0;1;;1;4;
2016;4;11;2;6 o'clock;;A968-B968;514;;;;4;0;0;0;1;;2;4;
2016;4;11;3;admiral;;A969-B969;515;;;;4;1;1+;1;0;;2;4;
2016;4;11;3;5 spots;;A970-B970;516;;;;4;1;1+;1;0;;2;4;
2016;4;11;3;hand;;A971-B971;517;;;;4;0;0;0;1;;1;4;
2016;4;11;2;;;A972-B972;518;;;;4;0;0;0;1;;1;4;
2016;4;11;2;;;A973-B973;519;;;;4;0;0;0;1;;2;4;
2016;4;11;3;;;A974-B974;520;;;;4;0;0;0;1;;1;4;
2016;4;11;3;;;A975-B975;521;;;;4;0;0;0;1;;1;4;
2016;4;12;3;boots;;A976-B976;522;;;;4;0;0;0;1;;1;4;
2016;4;12;3;broken tail;;A977-B977;523;;;;4;0;0;0;1;;1;4;
2016;4;12;3;;;A978-B978;524;;;;4;0;0;0;1;;1;4;
2016;4;12;3;;;A979-B979;525;;;;4;0;0;0;1;;1;4;
2016;4;12;3;;;A980-B980;526;;;;4;0;0;0;1;;2;4;
2016;4;12;3;;;A981-B981;527;;;;4;1;1+;1;0;;1;4;
2016;4;12;3;grass;;A982-B982;528;;;;4;1;1+;1;0;;1;4;
2016;4;12;3;;;A983-B983;529;;;;4;0;0;0;1;;1;4;
2016;4;12;3;;;A984-B984;530;;;;4;0;0;0;1;;1;4;
2016;4;13;2;;;A985-B985;531;;;;4;0;0;0;1;;2;4;
2016;4;13;2;whiskey;;A986-B986;532;;;;4;1;1+;1;0;;1;4;
2016;4;13;2;;;A987-B987;533;;;;4;0;0;0;1;;1;4;
2016;4;13;2;u martini;;A988-B988;534;;;;4;1;1+;1;0;;2;4;
2016;4;13;2;moustache;;A989-B989;535;;;;4;0;0;0;1;;1;4;
2016;4;13;2;gossip girl (GG);;A990-B990;536;;;;4;1;1+;1;0;;2;4;
2016;4;14;2;isis;;A991-B991;537;;;;4;1;1+;1;0;;2;4;
2016;4;14;2;;;A992-B992;538;;;;4;0;0;0;1;;1;4;
2016;4;14;1;4 v's;;A993-B993;539;;;;4;0;0;0;1;;1;4;
2016;4;14;1;;;A994-B994;540;;;;4;0;0;0;1;;2;4;
2016;4;14;1;;;A995-B995;541;;;;4;0;0;0;1;;2;4;
2016;4;14;2;egyptian;;A996-B996;542;;;;4;0;0;0;1;;1;4;
2016;4;15;2;wineglass;;A997-B997;543;;;;4;1;1+;1;0;;2;4;
2016;4;15;1;stripe V stripe;;A998-B998;544;;;;4;0;0;0;1;;1;4;
2016;4;16;1;ladies man;;A999-B999;545;;;;4;0;0;0;1;;1;4;
2016;4;16;1;one;;01-Jan;546;;;;4;0;0;0;1;;2;4;
2016;4;16;1;dragonfly;;02-Feb;547;;;;4;0;0;0;1;;1;4;
2016;4;16;1;;;03-Mar;548;;;;4;0;0;0;1;;2;4;
2016;4;17;1;cowboy;;04-Apr;549;;;;4;1;1+;1;0;;1;4;
2016;4;17;1;yinyang;;05-May;550;;;;4;0;0;0;1;;1;4;
2016;4;17;1;campfire;;06-Jun;551;;;;4;0;0;0;1;;1;4;
2016;4;17;1;boobs;;07-Jul;552;;;;4;0;0;0;1;;2;4;
2016;4;17;1;uterus;;08-Aug;553;;;;4;1;1+;1;0;;2;4;
2016;4;17;1;hotdog;;09-Sep;554;;;;4;0;0;0;1;;2;4;
2016;4;17;1;paper scissors;;10-Oct;555;;;;4;0;0;0;1;;1;4;
2016;4;18;1;cloudy;;11-Nov;556;;;;4;0;0;0;1;;1;4;
2016;4;18;1;;;12-Dec;557;;;;4;0;0;0;1;;1;4;
2016;4;18;1;;;13-13;558;;;;4;0;0;0;1;;1;4;
2016;4;18;1;GI Jane;;14-14;559;;;;4;1;1+;1;0;;2;4;
2016;4;19;1;;;15-15;560;;;;4;0;0;0;1;;1;4;
2016;4;19;1;;;16-16;561;;;;4;0;0;0;1;;1;4;
2016;4;19;1;tiara;;17-17;562;;;;4;0;0;0;1;;2;4;
2016;4;19;1;candle;;18-18;563;;;;4;0;0;0;1;;2;4;
2016;4;21;1;;;19-19;564;;;;4;0;0;0;1;;1;4;
2016;4;21;1;vase;;20-20;565;;;;4;0;0;0;1;;2;4;
2016;4;21;1;;;21-21;566;;;;4;0;0;0;1;;2;4;
2016;4;21;1;christmas tree;;22-22;567;;;;4;0;0;0;1;;1;4;
2016;4;21;1;Tindaya;;23-23;568;;;;4;0;0;0;1;;1;4;
2016;4;21;1;mushroom;;24-24;569;;;;4;0;0;0;1;;2;4;
2016;4;21;1;joker;;25-25;570;;;;4;0;0;0;1;;1;4;
2016;4;21;1;;;26-26;571;;;;4;0;0;0;1;;1;4;
2016;4;22;1;;;27-27;572;;;;4;0;0;0;1;;2;4;
2016;4;22;1;wolf;;28-28;573;;;;4;0;0;0;1;;1;4;
2016;4;23;3;;;29-29;574;;;;4;1;1+;1;0;;2;4;
2016;4;23;1;eye;;30-30;575;;;;4;1;1+;1;0;;2;4;
2016;4;23;3;infinity;;31-31;576;;;;4;0;0;0;1;;2;4;
2016;4;23;1;nose;;32-32;577;;;;4;0;0;0;1;;1;4;
2016;4;23;1;ears;;33-33;578;;;;4;1;1+;1;0;;1;4;
2016;4;23;3;;;34-34;579;;;;4;0;0;0;1;;1;4;
2016;4;23;3;;;35-35;580;;;;4;0;0;0;1;;2;4;
2016;4;23;3;bar box bar;;36-36;581;;;;4;0;0;0;1;;2;4;
2016;4;23;3;;;37-37;582;;;;4;0;0;0;1;;2;4;
2016;4;23;3;;;38-38;583;;;;4;0;0;0;1;;1;4;
2016;4;23;3;;;39-39;584;;;;4;0;0;0;1;;2;4;
2016;4;23;3;;;40-40;585;;;;4;1;1+;1;0;;2;4;
2016;4;29;1;;;41-41;586;;;;4;0;0;0;1;;2;4;
2016;4;30;2;ra;;44-44;587;;;;4;0;0;0;1;;1;4;
2016;5;1;1;bucket;;45-45;588;;;;4;0;0;0;1;;1;4;
2016;5;1;1;hourglass;;47-47;589;;;;4;0;0;0;1;;1;4;
2016;5;1;1;JJ;;48-48;590;;;;4;0;0;0;1;;1;4;
2016;5;1;1;fancy I;;49-49;591;;;;4;0;0;0;1;;2;4;
2016;5;2;2;El Hierro;;50-50;592;;;;4;0;0;0;1;;1;4;
2016;5;2;2;TLL;;51-51;593;;;;4;1;1+;1;0;;1;4;
2016;5;3;1;KK;;52-52;594;;;;4;1;1+;1;0;;2;4;
2016;5;5;3;jamjar;;53-53;595;;;;4;1;1+;1;0;;2;4;
2016;5;6;2;;;54-54;596;;;;4;0;0;0;1;;2;4;
2016;5;7;2;;;55-55;597;;;;4;1;1+;1;0;;2;4;
2016;5;7;2;;;56-56;598;;;;4;0;0;0;1;;1;4;
2016;5;8;3;popeye;;58-58;599;;;;4;0;0;0;1;;1;4;
2016;5;8;3;mermaid;;59-59;600;;;;4;0;0;0;1;;2;4;
2016;5;8;3;vampire;;60-60;601;;;;4;0;0;0;1;;2;4;
2016;5;8;3;feather;;61-61;602;;;;4;0;0;0;1;;2;4;
2016;5;8;3;;;62-62;603;;;;4;0;0;0;1;;1;4;
2016;5;8;3;;;63-63;604;;;;4;0;0;0;1;;2;4;
2016;5;10;1;;;64-64;605;;;;4;0;0;0;1;;1;4;
2016;5;11;2;;;65-65;606;;;;4;0;0;0;1;;2;4;
2016;5;11;2;;;66-66;607;;;;4;0;0;0;1;;2;4;
2016;5;11;2;;;67-67;608;;;;4;0;0;0;1;;1;4;
2016;5;11;2;;;68-68;609;;;;4;0;0;0;1;;2;4;
2016;5;12;2;;;69-69;610;;;;4;0;0;0;1;;2;4;
2016;5;12;2;;;70-70;611;;;;4;0;0;0;1;;2;4;
2016;5;14;3;;;71-71;612;;;;4;0;0;0;1;;2;4;
2016;5;14;3;Eva;;72-72;613;;;;4;1;1+;1;0;;2;4;
2016;5;14;3;spider;;73-73;614;;;;4;0;0;0;1;;1;4;
2016;5;14;3;turnip;;74-74;615;;;;4;1;1+;1;0;;2;4;
2016;5;14;3;lettuce;;75-75;616;;;;4;0;0;0;1;;2;4;
2016;5;14;3;gayflag;;76-76;617;;;;4;0;0;0;1;;1;4;
2016;5;14;3;;;77-77;618;;;;4;0;0;0;1;;2;4;
2016;5;16;3;;;78-78;619;;;;4;0;0;0;1;;1;4;
2016;5;19;2;;;79-79;620;;;;4;0;0;0;1;;1;4;
2016;5;25;1;squid;;80-80;621;;;;4;0;0;0;1;;2;4;
2016;6;1;2;bar A;;81-81;622;;;;4;0;0;0;1;;2;4;
2016;6;1;2;;;82-82;623;;;;4;0;0;0;1;;2;4;
2016;6;1;2;bar H;;83-83;624;;;;4;1;1+;1;0;;2;4;
2016;6;7;2;dagger;;84-84;625;;;;4;1;1+;1;0;;2;4;
2016;6;8;3;;;85-85;626;;;;4;0;0;0;1;;2;4;
2016;6;8;3;lexa;;86-86;627;;;;4;0;0;0;1;;2;4;
2016;6;8;3;demon;;87-x;628;;;;2;0;1+;1;0;;1;2;
2016;6;9;2;Max;;88-88;629;;;;4;1;1+;1;0;;1;4;
2016;6;9;2;Thor;;89-89;630;;;;4;0;0;0;1;;1;4;
2016;6;9;2;divided;;90-90;631;;;;4;0;0;0;1;;2;4;
2016;6;10;3;Zarza;;91-91;632;;;;4;0;0;0;1;;2;4;
2016;6;10;3;present / regalo;;92-92;633;;;;4;1;1+;1;0;;2;4;
2016;6;21;3;mountains;;93-93;634;;;;1;1;2+;2;0;;2;1;
2016;5;19;2;black widow;4C3A3D736E;lost;black widow;;;;1;0;2+;2;0;;2;4;
2016;5;26;2;poison ivy;4C3A4F483F;lost;poison ivy;;;;4;1;1+;1;0;;2;4;has a short tail, got attacked by a raven last year
2015;7;6;3;;4C3B09282B;lost;s1;;;;4;;0+;0;0;;2;4;
2016;5;11;2;superman;4C3A216955;lost;superman;;;;4;;0+;0;0;;1;4;
